Start,End,Pollster,Sample Size,Population,Text,Approve,Disapprove,Unsure,Approve (Republican),Approve (Democrat),Url
7/15/18,7/17/17,YouGov/Economist,1500,a,Do you approve or disapprove of the way Robert Mueller is handling his job as special counsel?,37,30,33,17,62,https://d25d2506sfb94s.cloudfront.net/cumulus_uploads/document/7hxorevceh/econTabReport.pdf
7/20/17,7/24/17,Morning Consult,3981,rv,"As you may know, the U.S. Department of Justice appointed Robert Mueller as the special counsel to investigate any alleged coordination between the Russian government and Donald Trump’s 2016 presidential campaign. Based on what you know, do you approve or disapprove of the way Robert Mueller is handling his job as special counsel?",40,27,33,31,53,https://morningconsult.com/wp-content/uploads/2017/07/170708_crosstabs_Politico_v1_TB.pdf
10/30/17,10/31/17,YouGov/HuffPost,1000,a,Do you approve or disapprove of the way Robert Mueller is handling his job as special counsel on the Russia probe?,39,26,34,25,60,http://big.assets.huffingtonpost.com/tabsHPRussiaIndictments20171030.pdf
10/29/17,11/1/17,Washington Post/ABC News,1005,a,"A special counsel at the U.S. Justice Department, Robert Mueller, has been investigating possible ties between Trump's campaign and the Russian government. Do you approve or disapprove of the way Mueller is handling this investigation?",58,28,14,38,78,https://www.washingtonpost.com/politics/polling/department-justice-mueller-russian/2017/11/16/3d2002d2-bff7-11e7-9294-705f80164f6e_page.html
12/1/17,12/2/17,YouGov/HuffPost,1000,a,Do you approve or disapprove of the way Robert Mueller is handling his job as special counsel on the Russia probe?,36,28,35,17,58,http://big.assets.huffingtonpost.com/tabsHPMichaelFlynn20171201.pdf
12/3/17,12/5/17,YouGov/Economist,1500,a,Do you approve or disapprove of the way Robert Mueller is handling his job as special counsel?,36,25,38,22,61,https://d25d2506sfb94s.cloudfront.net/cumulus_uploads/document/jhdmzhxe6k/econTabReport.pdf
12/14/17,12/17/17,CNN/SSRS,1001,a,Do you approve or disapprove of the way Robert Mueller is handling the investigation into Russian interference in the 2016 election?,47,34,19,31,63,http://cdn.cnn.com/cnn/2017/images/12/21/rel12c.-.russia.pdf
1/14/18,1/18/18,CNN/SSRS,1005,a,Do you approve or disapprove of the way Robert Mueller is handling the investigation into Russian interference in the 2016 election?,47,33,20,26,68,http://cdn.cnn.com/cnn/2018/images/01/23/rel1f.-.russia.pdf
1/15/18,1/18/18,Washington Post/ABC News,1005,a,"A special counsel at the U.S. Justice Department, Robert Mueller, has been investigating possible ties between Trump's presidential campaign and the Russian govt. Do you approve or disapprove of the way he is handling investigation?",50,31,19,28,71,https://www.washingtonpost.com/politics/polling/department-justice-mueller-russian/2018/01/29/27f3887a-fe68-11e7-9b5d-bbf0da31214d_page.html
1/23/18,1/24/18,YouGov/HuffPost,1000,a,Do you approve or disapprove of the way Robert Mueller is handling his job as special counsel on the Russia probe?,37,25,38,25,59,http://big.assets.huffingtonpost.com/tabsHPRussiainvestigation20180123.pdf
1/26/18,1/27/18,YouGov/HuffPost,1000,a,Do you approve or disapprove of the way Robert Mueller is handling his job as special counsel on the Russia probe?,34,26,39,18,58,http://big.assets.huffingtonpost.com/tabsHPMuellerinvestigation20180126.pdf
1/28/18,1/30/18,YouGov/Economist,1500,a,Do you approve or disapprove of the way Robert Mueller is handling his job as special counsel?,34,29,37,18,57,https://d25d2506sfb94s.cloudfront.net/cumulus_uploads/document/81kgdte5zw/econTabReport.pdf
2/18/18,2/20/18,YouGov/Economist,1500,a,Do you approve or disapprove of the way Robert Mueller is handling his job as special counsel?,39,25,36,23,62,https://d25d2506sfb94s.cloudfront.net/cumulus_uploads/document/57yxejgrmo/econTabReport.pdf
2/20/18,2/23/18,CNN/SSRS,1016,a,Do you approve or disapprove of the way Robert Mueller is handling the investigation into Russian interference in the 2016 election?,47,33,21,28,66,http://cdn.cnn.com/cnn/2018/images/02/26/rel3c.-.russia.pdf
3/10/18,3/13/18,YouGov/Economist,1500,a,Do you approve or disapprove of the way Robert Mueller is handling his job as special counsel?,37,27,36,20,57,https://d25d2506sfb94s.cloudfront.net/cumulus_uploads/document/y3tke5cxwy/econTabReport.pdf
3/15/18,3/19/18,Morning Consult,1994,rv,"As you may know, the U.S. Department of Justice appointed Robert Mueller as special counsel to investigate any alleged coordination between the Russian government and Donald Trumps 2016 presidential campaign. Based on what you know, do you approve or disapprove of the way Robert Mueller is handling his job as special counsel?",45,27,27,35,62,https://morningconsult.com/wp-content/uploads/2018/03/180322_crosstabs_POLITICO_v1_DK.pdf
3/22/18,3/25/18,CNN/SSRS,1014,a,Do you approve or disapprove of the way Robert Mueller is handling the investigation into Russian interference in the 2016 election?,48,35,17,29,69,https://cdn.cnn.com/cnn/2018/images/03/27/rel4b-north.korea2c.russia.pdf
4/15/18,4/17/18,YouGov/Economist,1500,a,Do you approve or disapprove of the way Robert Mueller is handling his job as special counsel?,37,29,33,19,61,https://d25d2506sfb94s.cloudfront.net/cumulus_uploads/document/4l31gznvf1/econTabReport.pdf
5/2/18,5/5/18,CNN/SSRS,1015,a,Do you approve or disapprove of the way Robert Mueller is handling the investigation into Russian interference in the 2016 election?,44,38,18,17,64,http://cdn.cnn.com/cnn/2018/images/05/10/rel5f.-.russia.pdf
5/6/18,5/8/18,YouGov/Economist,1500,a,Do you approve or disapprove of the way Robert Mueller is handling his job as special counsel?,36,30,34,14,63,https://d25d2506sfb94s.cloudfront.net/cumulus_uploads/document/kwgrow0dna/econTabReport.pdf
5/10/18,5/12/18,YouGov/HuffPost,1000,a,Do you approve or disapprove of the way Robert Mueller is handling his job as special counsel on the Russia probe?,38,32,30,19,70,https://big.assets.huffingtonpost.com/athena/files/2018/05/15/5afb49bbe4b0a59b4dfe6ddd.pdf
5/27/18,5/29/18,YouGov/Economist,1500,a,Do you approve or disapprove of the way Robert Mueller is handling his job as special counsel?,38,31,31,16,68,https://d25d2506sfb94s.cloudfront.net/cumulus_uploads/document/v00h5ts0qm/econTabReport.pdf
6/3/18,6/6/18,Fox News,1001,rv,Do you approve or disapprove of Robert Mueller’s investigation of the Trump campaign’s ties with Russia and potential obstruction of justice charges against members of the Trump administration?,55,37,8,23,84,https://www.foxnews.com/politics/fox-news-poll-results-6-14-18
6/10/18,6/12/18,YouGov/Economist,1500,a,Do you approve or disapprove of the way Robert Mueller is handling his job as special counsel?,34,30,36,13,66,https://d25d2506sfb94s.cloudfront.net/cumulus_uploads/document/0kj6rhpqso/econTabReport.pdf
6/14/18,6/17/18,CNN/SSRS,1012,a,Do you approve or disapprove of the way Robert Mueller is handling the investigation into Russian interference in the 2016 election?,41,39,21,20,62,http://cdn.cnn.com/cnn/2018/images/06/21/rel6f.-.russia.investigation.pdf
6/17/18,6/19/18,YouGov/Economist,1500,a,Do you approve or disapprove of the way Robert Mueller is handling his job as special counsel?,35,29,36,16,64,https://d25d2506sfb94s.cloudfront.net/cumulus_uploads/document/rbrysksiud/econTabReport.pdf
6/27/18,7/2/18,Washington Post/Schar School,1473,a,Do you approve or disapprove of the way U.S. Justice Department special counsel Robert Mueller is handling the investigation into possible ties between Trumps presidential campaign and the Russian government?,49,45,5,20,76,https://www.washingtonpost.com/politics/polling/department-justice-mueller-russian/2018/07/11/09a17592-8123-11e8-b3b5-b61896f90919_page.html
7/9/18,7/11/18,Fox News,1007,rv,Do you approve or disapprove of Robert Mueller’s investigation of the Trump campaign’s ties with Russia and potential obstruction of justice charges against members of the Trump administration?,48,40,12,25,72,https://www.foxnews.com/politics/fox-news-poll-7-12
7/13/18,7/14/18,YouGov/HuffPost,1000,a,Do you approve or disapprove of the way Robert Mueller is handling his job as special counsel on the Russia probe?,36,33,30,18,66,https://big.assets.huffingtonpost.com/athena/files/2018/07/16/5b4ce38be4b0e7c958fe3ea5.pdf
7/22/18,7/24/18,YouGov/Economist,1500,a,Do you approve or disapprove of the way Robert Mueller is handling his job as special counsel?,35,30,35,15,62,https://d25d2506sfb94s.cloudfront.net/cumulus_uploads/document/wa3gpxn761/econTabReport.pdf
7/29/18,7/31/18,YouGov/Economist,1500,a,Do you approve or disapprove of the way Robert Mueller is handling his job as special counsel?,36,32,31,16,65,https://d25d2506sfb94s.cloudfront.net/cumulus_uploads/document/fw0vfdqfpc/econTabReport.pdf
8/5/18,8/7/18,YouGov/Economist,1500,a,Do you approve or disapprove of the way Robert Mueller is handling his job as special counsel?,35,32,33,15,61,https://d25d2506sfb94s.cloudfront.net/cumulus_uploads/document/q6cfmfwwh4/econTabReport.pdf
8/9/18,8/12/18,CNN/SSRS,1002,a,Do you approve or disapprove of the way Robert Mueller is handling the investigation into Russian interference in the 2016 election?,47,39,13,22,72,http://cdn.cnn.com/cnn/2018/images/08/13/rel7a.-.trump2c.russia.pdf
8/12/18,8/14/18,YouGov/Economist,1500,a,Do you approve or disapprove of the way Robert Mueller is handling his job as special counsel?,38,31,32,21,65,https://d25d2506sfb94s.cloudfront.net/cumulus_uploads/document/6ote18t1hm/econTabReport.pdf
8/19/18,8/21/18,Fox News,1009,rv,Do you approve or disapprove of Robert Mueller’s investigation of the Trump campaign’s ties with Russia and potential obstruction of justice charges against members of the Trump administration?,59,37,4,26,84,https://www.foxnews.com/politics/fox-news-poll-8-22
8/26/18,8/28/18,YouGov/Economist,1500,a,Do you approve or disapprove of the way Robert Mueller is handling his job as special counsel?,34,31,35,15,65,https://d25d2506sfb94s.cloudfront.net/cumulus_uploads/document/krhk8brhhw/econTabReport.pdf
9/2/18,9/4/18,YouGov/Economist,1500,a,Do you approve or disapprove of the way Robert Mueller is handling his job as special counsel?,39,29,30,13,68,https://d25d2506sfb94s.cloudfront.net/cumulus_uploads/document/22joa4cprz/econTabReport.pdf
9/6/18,9/9/18,CNN/SSRS,1003,a,Do you approve or disapprove of the way Robert Mueller is handling the investigation into Russian interference in the 2016 election?,50,38,12,23,73,"http://cdn.cnn.com/cnn/2018/images/09/11/rel8c.-.russia,.cohen,.impeachment.pdf"
9/16/18,9/18/18,YouGov/Economist,1500,a,Do you approve or disapprove of the way Robert Mueller is handling his job as special counsel?,42,32,26,23,68,https://d25d2506sfb94s.cloudfront.net/cumulus_uploads/document/9th9okzc75/econTabReport.pdf
9/16/18,9/19/18,Fox News,1003,rv,Do you approve or disapprove of Robert Mueller’s investigation of the Trump campaign’s ties with Russia and potential obstruction of justice charges against members of the Trump administration?,55,39,7,25,82,https://www.foxnews.com/politics/fox-news-poll-9-23
10/4/18,10/7/18,CNN/SSRS,1009,a,Do you approve or disapprove of the way Robert Mueller is handling the investigation into Russian interference in the 2016 election?,48,36,16,23,73,http://cdn.cnn.com/cnn/2018/images/10/11/rel9c.-.trump.and.russia.pdf
12/2/18,12/4/18,YouGov/Economist,1500,a,Do you approve or disapprove of the way Robert Mueller is handling his job as special counsel?,38,31,30,16,70,https://d25d2506sfb94s.cloudfront.net/cumulus_uploads/document/yoolhxrark/econTabReport.pdf
12/6/18,12/9/18,CNN/SSRS,1015,a,Do you approve or disapprove of the way Robert Mueller is handling the investigation into Russian interference in the 2016 election?,43,40,16,21,71,http://cdn.cnn.com/cnn/2018/images/12/10/rel12a.-.trump.and.russia.pdf
12/9/18,12/11/18,Fox News,1006,rv,Do you approve or disapprove of Robert Mueller’s investigation of the Trump campaign’s ties with Russia and potential obstruction of justice charges against members of the Trump administration?,56,37,7,27,82,https://www.foxnews.com/politics/fox-news-poll-document-12-12-18
12/9/18,12/11/18,YouGov/Economist,1500,a,Do you approve or disapprove of the way Robert Mueller is handling his job as special counsel?,41,33,26,21,68,https://d25d2506sfb94s.cloudfront.net/cumulus_uploads/document/ppsei7g0oq/econTabReport.pdf
12/12/18,12/17/18,Quinnipiac,1147,rv,Do you approve or disapprove of the way that Special Counsel Robert Mueller is handling his job?,45,38,17,17,72,https://poll.qu.edu/national/release-detail?ReleaseID=2591
1/20/19,1/22/19,Fox News,1008,rv,Do you approve or disapprove of Robert Mueller’s investigation of the Trump campaign’s ties with Russia and potential obstruction of justice charges against members of the Trump administration?,49,34,17,21,80,https://www.foxnews.com/politics/fox-news-poll-document-1-23-19
1/20/19,1/22/19,YouGov/Economist,1500,a,Do you approve or disapprove of the way Robert Mueller is handling his job as special counsel?,40,30,30,22,66,https://d25d2506sfb94s.cloudfront.net/cumulus_uploads/document/183c0vbnai/econTabReport.pdf
1/30/19,2/2/19,CNN/SSRS,1011,a,Do you approve or disapprove of the way Robert Mueller is handling the investigation into Russian interference in the 2016 election?,44,41,15,20,67,http://cdn.cnn.com/cnn/2019/images/02/07/rel2c.-.russia.pdf
2/7/19,2/8/19,YouGov/HuffPost,1000,a,Do you approve or disapprove of the way Robert Mueller is handling his job as special counsel on the Russia probe?,36,33,31,16,63,https://big.assets.huffingtonpost.com/athena/files/2019/02/13/5c6446b4e4b08da0ec8141f3.pdf
2/6/19,2/10/19,Washington Post/Schar School,841,a,"As you may know, special counsel Robert Mueller is investigating Russia’s role in the 2016 election and its possible ties with Donald Trump’s presidential campaign. Do you approve or disapprove of the way Mueller is handling this investigation? Do you approve/disapprove strongly or somewhat?",51,34,15,21,77,https://drive.google.com/file/d/1JWqPDt4hMKpZ9hpCAq2pzrOZki-NwSHN/view
2/24/19,2/26/19,YouGov/Economist,1500,a,Do you approve or disapprove of the way Robert Mueller is handling his job as special counsel?,40,30,30,22,62,https://d25d2506sfb94s.cloudfront.net/cumulus_uploads/document/oo6kz6sf4b/econTabReport.pdf
3/3/19,3/5/19,YouGov/Economist,1500,a,Do you approve or disapprove of the way Robert Mueller is handling his job as special counsel?,37,34,28,15,65,https://d25d2506sfb94s.cloudfront.net/cumulus_uploads/document/9d5s05pspt/econTabReport.pdf
3/14/19,3/17/19,CNN/SSRS,1003,a,Do you approve or disapprove of the way Robert Mueller is handling the investigation into Russian interference in the 2016 election?,48,37,15,20,75,http://cdn.cnn.com/cnn/2019/images/03/20/rel4c.-.trump.and.russia.pdf
3/17/19,3/20/19,Fox News,1002,rv,Do you approve or disapprove of Robert Mueller’s investigation of the Trump campaign’s ties with Russia and potential obstruction of justice charges against members of the Trump administration?,52,36,12,23,82,https://www.foxnews.com/politics/fox-news-poll-3-24-2019
3/24/19,3/26/19,YouGov/Economist,1500,a,Do you approve or disapprove of the way Robert Mueller is handling his job as special counsel?,48,25,27,35,72,https://d25d2506sfb94s.cloudfront.net/cumulus_uploads/document/6ujvi5p8z1/econTabReport.pdf
3/25/19,3/27/19,Marist,938,a,Do you approve or disapprove of the job Robert Mueller did as special counsel investigating possible wrongdoing and Russian interference in the 2016 election?,51,27,22,47,53,http://maristpoll.marist.edu/wp-content/uploads/2019/03/NPR_PBS-NewsHour_Marist-Poll_USA-NOS-and-Tables_1903251153.pdf
3/25/19,3/27/19,YouGov/HuffPost,1000,a,Do you approve or disapprove of the way Robert Mueller is handling his job as special counsel on the Russia probe?,43,27,30,44,51,https://big.assets.huffingtonpost.com/athena/files/2019/03/28/5c9d2beee4b00ba632795d13.pdf
3/26/19,3/29/19,Washington Post/Schar School,640,a,"As you may know, special counsel Robert Mueller has completed his investigation of Russia’s role in the 2016 election and its possible ties with Donald Trump’s presidential campaign. Do you approve or disapprove of the way Mueller handled this investigation? Do you approve/disapprove strongly or somewhat?",53,30,17,46,62,https://www.washingtonpost.com/page/2010-2019/WashingtonPost/2019/03/30/National-Politics/Polling/question_21323.xml
3/31/19,4/2/19,YouGov/Economist,1500,a,Do you approve or disapprove of the way Robert Mueller is handling his job as special counsel?,48,25,27,42,63,https://d25d2506sfb94s.cloudfront.net/cumulus_uploads/document/t1fl59zsim/econTabReport.pdf
4/13/19,4/16/19,YouGov/Economist,1500,a,Do you approve or disapprove of the way Robert Mueller is handling his job as special counsel?,45,23,32,35,62,https://d25d2506sfb94s.cloudfront.net/cumulus_uploads/document/egvqvgp5a7/econTabReport.pdf
4/18/19,4/19/19,YouGov/HuffPost,1000,a,Do you approve or disapprove of the way Robert Mueller has handled his job as special counsel on the Russia probe?,44,28,27,39,59,https://big.assets.huffingtonpost.com/athena/files/2019/04/22/5cbe11f6e4b0f7a84a73723d.pdf
4/21/19,4/23/19,YouGov/Economist,1500,a,Do you approve or disapprove of the way Robert Mueller is handling his job as special counsel?,47,27,26,37,64,https://d25d2506sfb94s.cloudfront.net/cumulus_uploads/document/75p17530i6/econTabReport.pdf
4/25/19,4/28/19,CNN/SSRS,1007,a,Do you approve or disapprove of the way Robert Mueller handled the investigation into Russian interference in the 2016 election?,59,30,11,50,69,http://cdn.cnn.com/cnn/2019/images/04/30/rel6c.-.mueller.report.pdf
4/24/19,4/29/19,Marist,1017,a,Do you approve or disapprove of the job Robert Mueller did as special counsel investigating possible wrongdoing and Russian interference in the 2016 election?,54,26,20,47,61,http://maristpoll.marist.edu/wp-content/uploads/2019/04/NPR_PBS-NewsHour_Marist-Poll_USA-NOS-and-Tables_1904301401.pdf
